"Wochentag","Datum","Phase","Team 1","Team 2","Tore Team 1","Tore Team 2","Sieger"
"Dienstag","06.10.2026 12:30","Gruppe A","RosaSee","Hopfentornado","4","10","Hopfentornado"
"Mittwoch","07.10.2026 12:30","Gruppe A","Fußballhörnchen","Merge Conflict","0","0",
"Donnerstag","08.10.2026 12:30","Gruppe A","Fußballhörnchen","RosaSee","0","0",
"Dienstag","13.10.2026 12:30","Gruppe A","Tomvoll Attack","Hopfentornado","0","0",
"Mittwoch","14.10.2026 12:30","Gruppe B","Alpha & Omega","Aus Versehen","0","0",
"Donnerstag","15.10.2026 12:30","Gruppe B","Alpha & Omega","Ministerium für geheime Tätigkeiten","0","0",
"Dienstag","20.10.2026 12:30","Gruppe A","RosaSee","Tomvoll Attack","0","0",
"Mittwoch","21.10.2026 12:30","Gruppe A","Fußballhörnchen","Hopfentornado","0","0",
"Donnerstag","22.10.2026 12:30","Gruppe A","Fußballhörnchen","Tomvoll Attack","0","0",
"Dienstag","27.10.2026 12:30","Gruppe B","Alpha & Omega","Kickstarter","0","0",
"Mittwoch","28.10.2026 12:30","Gruppe B","Aus Versehen","Ministerium für geheime Tätigkeiten","0","0",
"Donnerstag","29.10.2026 12:30","Gruppe B","Ministerium für geheime Tätigkeiten","Kickstarter","0","0",
"Dienstag","03.11.2026 12:30","Gruppe B","Alpha & Omega","Sgladsch­dglei","0","0",
"Mittwoch","04.11.2026 12:30","Gruppe A","Merge Conflict","RosaSee","0","0",
"Donnerstag","05.11.2026 12:30","Gruppe B","Ministerium für geheime Tätigkeiten","Sgladsch­dglei","0","0",
"Dienstag","10.11.2026 12:30","Gruppe B","Kickstarter","Sgladsch­dglei","0","0",
"Mittwoch","11.11.2026 12:30","Gruppe B","Aus Versehen","Kickstarter","0","0",
"Donnerstag","12.11.2026 12:30","—",,,"0","0",
"Dienstag","17.11.2026 12:30","—",,,"0","0",
"Mittwoch","18.11.2026 12:30","Gruppe A","Merge Conflict","Tomvoll Attack","0","0",
"Donnerstag","19.11.2026 12:30","—",,,"0","0",
"Dienstag","24.11.2026 12:30","—",,,"0","0",
"Mittwoch","25.11.2026 12:30","Gruppe B","Aus Versehen","Sgladsch­dglei","0","0",
"Donnerstag","26.11.2026 12:30","—",,,"0","0",
"Dienstag","01.12.2026 12:30","—",,,"0","0",
"Mittwoch","02.12.2026 12:30","Gruppe A","Merge Conflict","Hopfentornado","0","0",
"Donnerstag","03.12.2026 12:30","Halbfinale","Sieger Gruppe A","Zweiter Gruppe B","0","0",
"Dienstag","08.12.2026 12:30","Halbfinale","Sieger Gruppe B","Zweiter Gruppe A","0","0",
"Mittwoch","09.12.2026 12:30","Spiel um Platz 3","Verlierer HF1","Verlierer HF2","0","0",
"Donnerstag","10.12.2026 12:30","Finale","Sieger HF1","Sieger HF2","0","0",
